id_transfermarkt,canonical_name,nationality,birth_date,position,team_slug,team_id_tm,season
12282,Daley Blind,Países Bajos,1990-03-09,Defensa central,fc-girona,12321,2024
15452,Raúl Albiol,España,1985-09-04,Defensa central,fc-villarreal,1050,2024
15956,Jesús Navas,España,1985-11-21,Interior derecho,fc-sevilla,368,2024
27493,Iván Cuéllar,España,1984-05-27,Portero,rcd-mallorca,237,2024
27992,Luka Modrić,Croacia,1985-09-09,Mediocentro,real-madrid,418,2024
30321,Óscar Trejo,Argentina,1988-04-26,Mediocentro ofensivo,rayo-vallecano,367,2024
35047,Axel Witsel,Bélgica,1989-01-12,Pivote,atletico-madrid,13,2024
38253,Robert Lewandowski,Polonia,1988-08-21,Delantero centro,fc-barcelona,131,2024
39125,Borna Barisic,Croacia,1992-11-10,Lateral izquierdo,cd-leganes,1244,2024
44058,Wojciech Szczęsny,Polonia,1990-04-18,Portero,fc-barcelona,131,2024
46413,Ante Budimir,Croacia,1991-07-22,Delantero centro,ca-osasuna,331,2024
57500,César Azpilicueta,España,1989-08-28,Defensa central,atletico-madrid,13,2024
59016,David Alaba,Austria,1992-06-24,Defensa central,real-madrid,418,2024
59323,Cristhian Stuani,Uruguay,1986-10-12,Delantero centro,fc-girona,12321,2024
59561,Dani Parejo,España,1989-04-16,Mediocentro,fc-villarreal,1050,2024
61812,Yuri Berchiche,España,1990-02-10,Lateral izquierdo,athletic-bilbao,621,2024
64399,Vicente Guaita,España,1987-01-10,Portero,celta-vigo,940,2024
66100,Oriol Romeu,España,1991-09-24,Pivote,fc-girona,12321,2024
71271,Adrián San Miguel,España,1987-01-03,Portero,real-betis-sevilla,150,2024
72047,Iago Aspas,España,1987-08-01,Delantero centro,celta-vigo,940,2024
73517,Ørjan Nyland,Noruega,1990-09-10,Portero,fc-sevilla,368,2024
74229,Koke,España,1992-01-08,Mediocentro,atletico-madrid,13,2024
74294,Nemanja Gudelj,Serbia,1991-11-16,Pivote,fc-sevilla,368,2024
74857,Marc-André ter Stegen,Alemania,1992-04-30,Portero,fc-barcelona,131,2024
76467,Kiko Femenía,España,1991-02-02,Lateral derecho,fc-villarreal,1050,2024
82503,Aridane Hernández,España,1989-03-23,Defensa central,rayo-vallecano,367,2024
85288,Isco,España,1992-04-21,Mediocentro ofensivo,real-betis-sevilla,150,2024
85295,Iván Balliu,Albania,1992-01-01,Lateral derecho,rayo-vallecano,367,2024
86202,Antonio Rüdiger,Alemania,1993-03-03,Defensa central,real-madrid,418,2024
86784,Ricardo Rodríguez,Suiza,1992-08-25,Lateral izquierdo,real-betis-sevilla,150,2024
88103,James Rodríguez,Colombia,1991-07-12,Mediocentro ofensivo,rayo-vallecano,367,2024
92947,Sergi Gómez,España,1992-03-28,Defensa central,espanyol-barcelona,714,2024
93936,Kike García,España,1989-11-25,Delantero centro,deportivo-alaves,1108,2024
94308,Marko Dmitrovic,Serbia,1992-01-24,Portero,cd-leganes,1244,2024
95641,Darko Brasanac,Serbia,1992-02-12,Mediocentro,cd-leganes,1244,2024
96718,Óscar de Marcos,España,1989-04-14,Lateral derecho,athletic-bilbao,621,2024
99343,Ander Herrera,España,1989-08-14,Mediocentro,athletic-bilbao,621,2024
99353,Portu,España,1992-05-21,Extremo derecho,fc-girona,12321,2024
99922,Marc Bartra,España,1991-01-15,Defensa central,real-betis-sevilla,150,2024
100131,William Carvalho,Portugal,1992-04-07,Pivote,real-betis-sevilla,150,2024
102423,Leandro Cabrera,Uruguay,1991-06-17,Defensa central,espanyol-barcelona,714,2024
108390,Thibaut Courtois,Bélgica,1992-05-11,Portero,real-madrid,418,2024
111508,Allan Nyom,Camerún,1988-05-10,Lateral derecho,fc-getafe,3709,2024
111961,Suso,España,1993-11-19,Mediocentro ofensivo,fc-sevilla,368,2024
112515,Marcos Alonso,España,1990-12-28,Defensa central,celta-vigo,940,2024
115333,Juanpe,España,1991-04-30,Defensa central,fc-girona,12321,2024
118997,Aitor Fernández,España,1991-05-03,Portero,ca-osasuna,331,2024
120095,José Campaña,España,1993-05-31,Mediocentro,ud-las-palmas,472,2024
120705,Juan Carlos,España,1988-01-20,Portero,fc-girona,12321,2024
121483,Jan Oblak,Eslovenia,1993-01-07,Portero,atletico-madrid,13,2024
125781,Antoine Griezmann,Francia,1991-03-21,Mediapunta,atletico-madrid,13,2024
126719,Juan Bernat,España,1993-03-01,Lateral izquierdo,fc-villarreal,1050,2024
126737,Juanmi,España,1993-05-20,Extremo izquierdo,real-betis-sevilla,150,2024
126751,Iñigo Ruiz de Galarreta,España,1993-08-06,Mediocentro,athletic-bilbao,621,2024
127048,Cédric Bakambu,RD del Congo,1991-04-11,Delantero centro,real-betis-sevilla,150,2024
127108,Florian Lejeune,Francia,1991-05-20,Defensa central,rayo-vallecano,367,2024
129444,David López,España,1989-10-09,Defensa central,fc-girona,12321,2024
135492,Youssouf Sabaly,Senegal,1993-03-05,Lateral derecho,real-betis-sevilla,150,2024
138927,Daniel Carvajal,España,1992-01-11,Lateral derecho,real-madrid,418,2024
139435,Dani Rodríguez,España,1988-06-06,Mediocentro ofensivo,rcd-mallorca,237,2024
142021,Sergi Darder,España,1993-12-22,Mediocentro,rcd-mallorca,237,2024
142031,Omar Mascarell,Guinea Ecuatorial,1993-02-02,Pivote,rcd-mallorca,237,2024
143559,Matija Nastasić,Serbia,1993-03-28,Defensa central,cd-leganes,1244,2024
146227,Jasper Cillessen,Países Bajos,1989-04-22,Portero,ud-las-palmas,472,2024
148928,Saúl Ñíguez,España,1994-11-21,Mediocentro,fc-sevilla,368,2024
158863,Iñigo Martínez,España,1991-05-17,Defensa central,fc-barcelona,131,2024
162029,Javier Manquillo,España,1994-05-05,Lateral derecho,celta-vigo,940,2024
162038,Raúl de Tomás,España,1994-10-17,Delantero centro,rayo-vallecano,367,2024
165007,Denis Suárez,España,1994-01-06,Mediocentro ofensivo,fc-villarreal,1050,2024
165467,Stole Dimitrievski,Macedonia del Norte,1993-12-25,Portero,fc-valencia,1049,2024
166677,Brian Oliván,España,1994-04-01,Lateral izquierdo,espanyol-barcelona,714,2024
166683,Mamadou Sylla,Senegal,1994-03-20,Delantero centro,real-valladolid,366,2024
167721,Chimy Ávila,Argentina,1994-02-06,Delantero centro,real-betis-sevilla,150,2024
169497,Juan Cruz,España,1992-07-28,Lateral izquierdo,ca-osasuna,331,2024
170472,Dimitri Foulquier,Guadalupe,1993-03-23,Lateral derecho,fc-valencia,1049,2024
172015,Fernando Pacheco,España,1992-05-18,Portero,espanyol-barcelona,714,2024
175449,Moi Gómez,España,1994-06-23,Mediocentro ofensivo,ca-osasuna,331,2024
177452,Abdón Prats,España,1992-12-07,Delantero centro,rcd-mallorca,237,2024
177467,Gerard Moreno,España,1992-04-07,Delantero centro,fc-villarreal,1050,2024
177847,Adnan Januzaj,Bélgica,1995-02-05,Extremo derecho,ud-las-palmas,472,2024
181375,Sébastien Haller,Costa de Marfil,1994-06-22,Delantero centro,cd-leganes,1244,2024
182904,Clément Lenglet,Francia,1995-06-17,Defensa central,atletico-madrid,13,2024
188888,Sheraldo Becker,Surinam,1995-02-09,Extremo izquierdo,real-sociedad-san-sebastian,681,2024
189441,Lucas Ocampos,Argentina,1994-07-11,Extremo izquierdo,fc-sevilla,368,2024
191217,Héctor Bellerín,España,1995-03-19,Lateral derecho,real-betis-sevilla,150,2024
192009,Unai López,España,1995-10-30,Mediocentro,rayo-vallecano,367,2024
195488,Paulo Gazzaniga,Argentina,1992-01-02,Portero,fc-girona,12321,2024
195736,Florian Grillitsch,Austria,1995-08-07,Pivote,real-valladolid,366,2024
196948,Andreas Christensen,Dinamarca,1996-04-10,Defensa central,fc-barcelona,131,2024
197122,Unai García,España,1992-02-03,Defensa central,ca-osasuna,331,2024
199369,Sandro Ramírez,España,1995-07-09,Delantero centro,ud-las-palmas,472,2024
203496,Nabil Fekir,Francia,1993-07-18,Mediocentro ofensivo,real-betis-sevilla,150,2024
204072,Henrique Silva,Brasil,1994-04-25,Lateral izquierdo,real-valladolid,366,2024
205562,Thomas Lemar,Francia,1995-11-12,Mediocentro ofensivo,atletico-madrid,13,2024
211251,Darwin Machís,Venezuela,1993-02-07,Extremo izquierdo,real-valladolid,366,2024
212723,Djibril Sow,Suiza,1997-02-06,Mediocentro,fc-sevilla,368,2024
212862,Álex Remiro,España,1995-03-24,Portero,real-sociedad-san-sebastian,681,2024
213260,Rubén García,España,1993-07-14,Extremo derecho,ca-osasuna,331,2024
213670,Lucas Torró,España,1994-07-19,Pivote,ca-osasuna,331,2024
215099,Daley Sinkgraven,Países Bajos,1995-07-04,Lateral izquierdo,ud-las-palmas,472,2024
216870,Nacho Vidal,España,1995-01-24,Lateral derecho,ca-osasuna,331,2024
221150,Dakonam Djené,Togo,1991-12-31,Defensa central,fc-getafe,3709,2024
221311,Iván Sánchez,España,1992-09-23,Extremo derecho,real-valladolid,366,2024
221316,Lucas Vázquez,España,1991-07-01,Lateral derecho,real-madrid,418,2024
221322,José Gayà,España,1995-05-25,Lateral izquierdo,fc-valencia,1049,2024
223725,Munir El Haddadi,Marruecos,1995-09-01,Mediocentro ofensivo,cd-leganes,1244,2024
225593,Pere Milla,España,1992-09-23,Extremo izquierdo,espanyol-barcelona,714,2024
226012,David Soria,España,1993-04-04,Portero,fc-getafe,3709,2024
226261,César de la Hoz,España,1992-03-30,Pivote,real-valladolid,366,2024
227805,Jaume Doménech,España,1990-11-05,Portero,fc-valencia,1049,2024
227961,Jaime Mata,España,1988-10-24,Delantero centro,ud-las-palmas,472,2024
229804,Aritz Elustondo,España,1994-03-28,Defensa central,real-sociedad-san-sebastian,681,2024
234811,Rui Silva,Portugal,1994-02-07,Portero,real-betis-sevilla,150,2024
237499,Aleksandar Sedlar,Serbia,1991-12-13,Defensa central,deportivo-alaves,1108,2024
238407,Alexander Sørloth,Noruega,1995-12-05,Delantero centro,atletico-madrid,13,2024
238868,Rubén Peña,España,1991-07-18,Lateral derecho,ca-osasuna,331,2024
240692,Reinildo Mandava,Mozambique,1994-01-21,Lateral izquierdo,atletico-madrid,13,2024
242359,Juan Musso,Argentina,1994-05-06,Portero,atletico-madrid,13,2024
243760,Álex Muñoz,España,1994-07-30,Lateral izquierdo,ud-las-palmas,472,2024
245744,Takuma Asano,Japón,1994-11-10,Extremo derecho,rcd-mallorca,237,2024
246204,Salvi Sánchez,España,1991-03-30,Extremo derecho,espanyol-barcelona,714,2024
246291,Diego Llorente,España,1993-08-16,Defensa central,real-betis-sevilla,150,2024
246968,Ayoze Pérez,España,1993-07-29,Delantero centro,fc-villarreal,1050,2024
248738,Sergio Herrera,España,1993-06-05,Portero,ca-osasuna,331,2024
249513,Diego Rico,España,1993-02-23,Lateral izquierdo,fc-getafe,3709,2024
250845,José María Giménez,Uruguay,1995-01-20,Defensa central,atletico-madrid,13,2024
251845,Sergi Canós,España,1997-02-02,Extremo izquierdo,fc-valencia,1049,2024
251876,Pablo Maffeo,Argentina,1997-07-12,Lateral derecho,rcd-mallorca,237,2024
251892,Juan Soriano,España,1997-08-23,Portero,cd-leganes,1244,2024
251896,Jesús Vallejo,España,1997-01-05,Defensa central,real-madrid,418,2024
251897,Asier Villalibre,España,1997-09-30,Delantero centro,deportivo-alaves,1108,2024
255488,Yeray Álvarez,España,1995-01-24,Defensa central,athletic-bilbao,621,2024
255501,Iñigo Lekue,España,1993-05-04,Lateral derecho,athletic-bilbao,621,2024
255508,Iñaki Williams,Ghana,1994-06-15,Extremo derecho,athletic-bilbao,621,2024
255901,Rodrigo De Paul,Argentina,1994-05-24,Mediocentro,atletico-madrid,13,2024
255906,Scott McKenna,Escocia,1996-11-12,Defensa central,ud-las-palmas,472,2024
256267,Vedat Muriqi,Kosovo,1994-04-24,Delantero centro,rcd-mallorca,237,2024
256429,Sergi Guardiola,España,1991-05-29,Delantero centro,rayo-vallecano,367,2024
257062,Álvaro García,España,1992-10-27,Extremo izquierdo,rayo-vallecano,367,2024
257376,Domingos Duarte,Portugal,1995-03-10,Defensa central,fc-getafe,3709,2024
258987,Carl Starfelt,Suecia,1995-06-01,Defensa central,celta-vigo,940,2024
262396,Unai Simón,España,1997-06-11,Portero,athletic-bilbao,621,2024
262939,Johan Mojica,Colombia,1992-08-21,Lateral izquierdo,rcd-mallorca,237,2024
263727,Joan Jordán,España,1994-07-06,Mediocentro,deportivo-alaves,1108,2024
264372,Viktor Tsygankov,Ucrania,1997-11-15,Extremo derecho,fc-girona,12321,2024
266807,Ángel Correa,Argentina,1995-03-09,Mediapunta,atletico-madrid,13,2024
268670,Gerard Gumbau,España,1994-12-18,Pivote,rayo-vallecano,367,2024
271021,Stoichkov,España,1993-11-05,Mediapunta,deportivo-alaves,1108,2024
271455,Mihailo Ristic,Serbia,1995-10-31,Lateral izquierdo,celta-vigo,940,2024
275218,Augusto Batalla,Argentina,1996-04-30,Portero,rayo-vallecano,367,2024
277137,Renato Tapia,Perú,1995-07-28,Pivote,cd-leganes,1244,2024
277384,Martin Valjent,Eslovaquia,1995-12-11,Defensa central,rcd-mallorca,237,2024
278296,Antonio Raíllo,España,1991-10-08,Defensa central,rcd-mallorca,237,2024
278359,Borja Iglesias,España,1993-01-17,Delantero centro,celta-vigo,940,2024
278837,Luis Rioja,España,1993-10-16,Extremo derecho,fc-valencia,1049,2024
280730,Álvaro Odriozola,España,1995-12-14,Lateral derecho,real-sociedad-san-sebastian,681,2024
281404,Kenedy,Brasil,1996-02-08,Extremo izquierdo,real-valladolid,366,2024
281989,Luis Milla,España,1994-10-07,Mediocentro,fc-getafe,3709,2024
282411,Marcos Llorente,España,1995-01-30,Lateral derecho,atletico-madrid,13,2024
282421,Javi Muñoz,España,1995-02-28,Mediocentro,ud-las-palmas,472,2024
282672,Benito Ramírez,España,1995-07-11,Extremo izquierdo,ud-las-palmas,472,2024
282700,Enric Franquesa,España,1997-02-26,Lateral izquierdo,cd-leganes,1244,2024
282810,Carles Pérez,España,1998-02-16,Extremo derecho,fc-getafe,3709,2024
283170,Iñaki Peña,España,1999-03-02,Portero,fc-barcelona,131,2024
284854,Carles Aleñá,España,1998-01-05,Mediocentro,deportivo-alaves,1108,2024
284884,Óscar Rodríguez,España,1998-06-28,Mediocentro ofensivo,cd-leganes,1244,2024
286384,Eric Bailly,Costa de Marfil,1994-04-12,Defensa central,fc-villarreal,1050,2024
286415,Pau López,España,1994-12-13,Portero,fc-girona,12321,2024
288255,Donny van de Beek,Países Bajos,1997-04-18,Mediocentro,fc-girona,12321,2024
288318,Adrián Embarba,España,1992-05-07,Extremo derecho,rayo-vallecano,367,2024
289255,Andoni Gorosabel,España,1996-08-04,Lateral derecho,athletic-bilbao,621,2024
289257,Jon Guridi,España,1995-02-28,Mediocentro,deportivo-alaves,1108,2024
290249,Mauro Arambarri,Uruguay,1995-09-30,Mediocentro,fc-getafe,3709,2024
290273,Álvaro Tejero,España,1996-07-20,Lateral derecho,espanyol-barcelona,714,2024
290346,André Ferreira,Portugal,1996-05-29,Portero,real-valladolid,366,2024
291417,Ferland Mendy,Francia,1995-06-08,Lateral izquierdo,real-madrid,418,2024
292818,Jonathan Bamba,Costa de Marfil,1996-03-26,Extremo izquierdo,celta-vigo,940,2024
293385,Dani Olmo,España,1998-05-07,Mediocentro ofensivo,fc-barcelona,131,2024
295330,Kelechi Iheanacho,Nigeria,1996-10-03,Delantero centro,fc-sevilla,368,2024
297070,Hamari Traoré,Malí,1992-01-27,Lateral derecho,real-sociedad-san-sebastian,681,2024
297194,Iván Villar,España,1997-07-09,Portero,celta-vigo,940,2024
298197,Antonio Sivera,España,1996-08-11,Portero,deportivo-alaves,1108,2024
298477,Oli McBurnie,Escocia,1996-06-04,Delantero centro,ud-las-palmas,472,2024
298575,Kike Barja,España,1997-04-01,Extremo derecho,ca-osasuna,331,2024
298583,Eray Cömert,Suiza,1998-02-04,Defensa central,real-valladolid,366,2024
298976,Borja Mayoral,España,1997-04-05,Delantero centro,fc-getafe,3709,2024
300168,Mikel Vesga,España,1993-04-08,Pivote,athletic-bilbao,621,2024
302371,Toni Martínez,España,1997-06-30,Delantero centro,deportivo-alaves,1108,2024
303259,Dodi Lukébakio,Bélgica,1997-09-24,Extremo derecho,fc-sevilla,368,2024
308989,Sergio González,España,1992-04-20,Defensa central,cd-leganes,1244,2024
309110,Brais Méndez,España,1997-01-07,Mediocentro ofensivo,real-sociedad-san-sebastian,681,2024
311044,Alfonso Espino,Uruguay,1992-01-05,Lateral izquierdo,rayo-vallecano,367,2024
314353,Trent Alexander-Arnold,Inglaterra,1998-10-07,Lateral derecho,real-madrid,418,2024
314678,Brahim Díaz,Marruecos,1999-08-03,Extremo derecho,real-madrid,418,2024
315762,Luca de la Torre,Estados Unidos,1998-05-23,Mediocentro,celta-vigo,940,2024
316884,Dominik Greif,Eslovaquia,1997-04-06,Portero,rcd-mallorca,237,2024
318523,Romain Perraud,Francia,1997-09-22,Lateral izquierdo,real-betis-sevilla,150,2024
319745,Dani Ceballos,España,1996-08-07,Mediocentro,real-madrid,418,2024
320271,Toni Lato,España,1997-11-21,Lateral izquierdo,rcd-mallorca,237,2024
326330,Frenkie de Jong,Países Bajos,1997-05-12,Mediocentro,fc-barcelona,131,2024
327126,Anuar,Marruecos,1995-01-15,Extremo derecho,real-valladolid,366,2024
328480,Pepelu,España,1998-08-11,Pivote,fc-valencia,1049,2024
331496,Valery Fernández,España,1999-11-23,Extremo derecho,rcd-mallorca,237,2024
331505,Óscar Mingueza,España,1999-05-13,Lateral derecho,celta-vigo,940,2024
335225,Manu Morlanes,España,1999-01-12,Mediocentro,rcd-mallorca,237,2024
336869,Marc Roca,España,1996-11-26,Pivote,real-betis-sevilla,150,2024
337066,Toni Villa,España,1995-01-07,Extremo izquierdo,fc-girona,12321,2024
337333,Alex Král,República Checa,1998-05-19,Mediocentro,espanyol-barcelona,714,2024
337715,Umar Sadiq,Nigeria,1997-02-02,Delantero centro,real-sociedad-san-sebastian,681,2024
338285,Unai Núñez,España,1997-01-30,Defensa central,athletic-bilbao,621,2024
338425,Álex Berenguer,España,1995-07-04,Extremo izquierdo,athletic-bilbao,621,2024
339079,Jiri Letacek,República Checa,1999-01-09,Portero,fc-getafe,3709,2024
339820,Amath Ndiaye,Senegal,1996-07-16,Extremo derecho,real-valladolid,366,2024
340205,Gorka Guruzeta,España,1996-09-12,Delantero centro,athletic-bilbao,621,2024
340339,Jorge Sáenz,España,1996-11-17,Defensa central,cd-leganes,1244,2024
340376,Abel Ruiz,España,2000-01-28,Delantero centro,fc-girona,12321,2024
340853,Javi Sánchez,España,1997-03-14,Defensa central,real-valladolid,366,2024
341110,Franco Cervi,Argentina,1994-05-26,Extremo izquierdo,celta-vigo,940,2024
341264,Fran García,España,1999-08-14,Lateral izquierdo,real-madrid,418,2024
341278,Iván Martín,España,1999-02-14,Mediocentro,fc-girona,12321,2024
341713,Diego Conde,España,1998-10-28,Portero,fc-villarreal,1050,2024
342226,Irvin Cardona,Malta,1997-08-08,Extremo derecho,espanyol-barcelona,714,2024
342229,Kylian Mbappé,Francia,1998-12-20,Delantero centro,real-madrid,418,2024
343052,Nicolas Pépé,Costa de Marfil,1995-05-29,Extremo derecho,fc-villarreal,1050,2024
343273,Joni Montiel,España,1998-09-03,Mediocentro ofensivo,rayo-vallecano,367,2024
343463,Cyle Larin,Canadá,1995-04-17,Delantero centro,rcd-mallorca,237,2024
345886,Rubén Vargas,Suiza,1998-08-05,Extremo izquierdo,fc-sevilla,368,2024
345911,Ladislav Krejčí,República Checa,1999-04-20,Defensa central,fc-girona,12321,2024
346289,Mouctar Diakhaby,Guinea,1996-12-19,Defensa central,fc-valencia,1049,2024
348795,Giovani Lo Celso,Argentina,1996-04-09,Mediocentro ofensivo,real-betis-sevilla,150,2024
351478,Mikel Oyarzabal,España,1997-04-21,Delantero centro,real-sociedad-san-sebastian,681,2024
351809,Robin Le Normand,España,1996-11-11,Defensa central,atletico-madrid,13,2024
353032,Omar Alderete,Paraguay,1996-12-26,Defensa central,fc-getafe,3709,2024
355628,Igor Zubeldia,España,1997-03-30,Defensa central,real-sociedad-san-sebastian,681,2024
355861,Arnaut Danjuma,Países Bajos,1997-01-31,Extremo izquierdo,fc-villarreal,1050,2024
356197,Alfonso Pedraza,España,1996-04-09,Lateral izquierdo,fc-villarreal,1050,2024
357628,Alfon González,España,1999-05-04,Extremo izquierdo,celta-vigo,940,2024
357770,Dinko Horkas,Croacia,1999-03-10,Portero,ud-las-palmas,472,2024
357884,Fernando Calero,España,1995-09-14,Defensa central,espanyol-barcelona,714,2024
357885,Pablo Fornals,España,1996-02-22,Mediocentro,real-betis-sevilla,150,2024
358115,Luis Pérez,España,1995-02-04,Lateral derecho,real-valladolid,366,2024
358250,Joseph Aidoo,Ghana,1995-09-29,Defensa central,celta-vigo,940,2024
361254,Rafa Mir,España,1997-06-18,Delantero centro,fc-valencia,1049,2024
361914,Nayef Aguerd,Marruecos,1996-03-30,Defensa central,real-sociedad-san-sebastian,681,2024
362086,Isi Palazón,España,1994-12-27,Mediapunta,rayo-vallecano,367,2024
362842,Arthur Melo,Brasil,1996-08-12,Mediocentro,fc-girona,12321,2024
363057,Pedro Díaz,España,1998-06-05,Mediocentro,rayo-vallecano,367,2024
364603,José Manuel Arnáiz,España,1995-04-15,Extremo izquierdo,ca-osasuna,331,2024
366930,Sergio Gómez,España,2000-09-04,Lateral izquierdo,real-sociedad-san-sebastian,681,2024
366948,Jailson,Brasil,1995-09-07,Pivote,celta-vigo,940,2024
367466,Thierry Correia,Portugal,1999-03-09,Lateral derecho,fc-valencia,1049,2024
369081,Federico Valverde,Uruguay,1998-07-22,Mediocentro,real-madrid,418,2024
369267,Maximiliano Caufriez,Bélgica,1997-02-16,Defensa central,fc-valencia,1049,2024
371371,Marash Kumbulla,Albania,2000-02-08,Defensa central,espanyol-barcelona,714,2024
371998,Vinicius Junior,Brasil,2000-07-12,Extremo izquierdo,real-madrid,418,2024
375382,André Almeida,Portugal,2000-05-30,Mediocentro ofensivo,fc-valencia,1049,2024
377219,Selim Amallah,Marruecos,1996-11-15,Mediocentro ofensivo,real-valladolid,366,2024
378139,Aitor Ruibal,España,1996-03-22,Extremo derecho,real-betis-sevilla,150,2024
378293,Yangel Herrera,Venezuela,1998-01-07,Mediocentro,fc-girona,12321,2024
380598,Santi Comesaña,España,1996-10-05,Mediocentro,fc-villarreal,1050,2024
381967,Albert Sambi Lokonga,Bélgica,1999-10-22,Mediocentro,fc-sevilla,368,2024
388125,Stanko Juric,Croacia,1996-08-16,Pivote,real-valladolid,366,2024
388513,Mateu Morey,España,2000-03-02,Lateral derecho,rcd-mallorca,237,2024
390688,Juan Iglesias,España,1998-07-03,Lateral derecho,fc-getafe,3709,2024
392881,Antonio Candela,Italia,2000-04-27,Lateral derecho,real-valladolid,366,2024
397676,Dani Cárdenas,España,1997-03-28,Portero,rayo-vallecano,367,2024
398184,Ferran Torres,España,2000-02-29,Delantero centro,fc-barcelona,131,2024
400131,Siebe Van der Heyden,Bélgica,1998-05-30,Defensa central,rcd-mallorca,237,2024
401530,Éder Militão,Brasil,1998-01-18,Defensa central,real-madrid,418,2024
401571,Tomás Conechny,Argentina,1998-03-30,Extremo izquierdo,deportivo-alaves,1108,2024
401583,Julián Chicco,Argentina,1998-01-13,Pivote,cd-leganes,1244,2024
402733,Gonzalo Montiel,Argentina,1997-01-01,Lateral derecho,fc-sevilla,368,2024
404839,Andriy Lunin,Ucrania,1999-02-11,Portero,real-madrid,418,2024
405398,Takefusa Kubo,Japón,2001-06-04,Extremo derecho,real-sociedad-san-sebastian,681,2024
408471,Javi Puado,España,1998-05-25,Extremo izquierdo,espanyol-barcelona,714,2024
411295,Raphinha,Brasil,1996-12-14,Extremo izquierdo,fc-barcelona,131,2024
411975,Jules Koundé,Francia,1998-11-12,Lateral derecho,fc-barcelona,131,2024
412045,Pol Lozano,España,1999-10-06,Mediocentro,espanyol-barcelona,714,2024
412363,Rodrygo,Brasil,2001-01-09,Extremo derecho,real-madrid,418,2024
413112,Aurélien Tchouaméni,Francia,2000-01-27,Pivote,real-madrid,418,2024
413262,Dani Raba,España,1995-10-29,Mediapunta,cd-leganes,1244,2024
422460,Dani Gómez,España,1998-07-30,Delantero centro,fc-valencia,1049,2024
422466,Javi Hernández,España,1998-05-02,Lateral izquierdo,cd-leganes,1244,2024
423440,Martín Zubimendi,España,1999-02-02,Pivote,real-sociedad-san-sebastian,681,2024
423444,Fran Beltrán,España,1999-02-03,Mediocentro,celta-vigo,940,2024
424042,Nahuel Molina,Argentina,1998-04-06,Lateral derecho,atletico-madrid,13,2024
431190,Carlos Protesoni,Uruguay,1998-03-30,Pivote,deportivo-alaves,1108,2024
434602,Aritz Arambarri,España,1998-01-31,Defensa central,cd-leganes,1244,2024
434990,Álex Sola,España,1999-06-09,Extremo derecho,fc-getafe,3709,2024
438971,Viti Rozada,España,1997-09-16,Lateral derecho,ud-las-palmas,472,2024
439022,Marcão,Brasil,1996-06-05,Defensa central,fc-sevilla,368,2024
441170,Valentin Rosier,Francia,1996-08-19,Lateral derecho,cd-leganes,1244,2024
443222,Marc Cardona,España,1995-07-08,Delantero centro,ud-las-palmas,472,2024
448628,Javi Galán,España,1994-11-19,Lateral izquierdo,atletico-madrid,13,2024
449496,Álvaro Aguado,España,1996-05-01,Mediocentro,espanyol-barcelona,714,2024
449796,Alejandro Catena,España,1994-10-28,Defensa central,ca-osasuna,331,2024
451801,Abdul Mumin,Ghana,1998-06-06,Defensa central,rayo-vallecano,367,2024
453704,Álvaro Fernández,España,1998-04-13,Portero,fc-sevilla,368,2024
455181,Jorge de Frutos,España,1997-02-20,Extremo derecho,rayo-vallecano,367,2024
459463,Cucho Hernández,Colombia,1999-04-20,Delantero centro,real-betis-sevilla,150,2024
461617,Rodrigo Riquelme,España,2000-04-02,Extremo izquierdo,atletico-madrid,13,2024
461843,Juan Berrocal,España,1999-02-05,Defensa central,fc-getafe,3709,2024
465967,Ander Guevara,España,1997-07-07,Mediocentro,deportivo-alaves,1108,2024
466794,Eric García,España,2001-01-09,Defensa central,fc-barcelona,131,2024
466801,Sergi Altimira,España,2001-08-25,Mediocentro,real-betis-sevilla,150,2024
466807,Adrià Altimira,España,2001-03-28,Lateral derecho,cd-leganes,1244,2024
466810,Ansu Fati,España,2002-10-31,Extremo izquierdo,fc-barcelona,131,2024
468309,Lucas Rosa,Brasil,2000-04-03,Lateral derecho,real-valladolid,366,2024
469669,Yvan Neyou,Camerún,1997-01-03,Pivote,cd-leganes,1244,2024
471474,Javi Martínez,España,1999-12-22,Mediocentro ofensivo,ca-osasuna,331,2024
471690,Max Aarons,Inglaterra,2000-01-04,Lateral derecho,fc-valencia,1049,2024
476219,Bojan Miovski,Macedonia del Norte,1999-06-24,Delantero centro,fc-girona,12321,2024
480267,Ronald Araujo,Uruguay,1999-03-07,Defensa central,fc-barcelona,131,2024
480763,Juan Foyth,Argentina,1998-01-12,Defensa central,fc-villarreal,1050,2024
480883,Miguel de la Fuente,España,1999-09-03,Delantero centro,cd-leganes,1244,2024
481084,Marcos André,Brasil,1996-10-20,Delantero centro,real-valladolid,366,2024
484988,Logan Costa,Cabo Verde,2001-04-01,Defensa central,fc-villarreal,1050,2024
485963,Pape Gueye,Senegal,1999-01-24,Mediocentro,fc-villarreal,1050,2024
488362,Conor Gallagher,Inglaterra,2000-02-06,Mediocentro,atletico-madrid,13,2024
488626,Jesús Areso,España,1999-07-02,Lateral derecho,ca-osasuna,331,2024
491616,Jackson Porozo,Ecuador,2000-08-04,Defensa central,cd-leganes,1244,2024
493513,Karl Hein,Estonia,2002-04-13,Portero,real-valladolid,366,2024
494236,Andy Pelmard,Madagascar,2000-03-12,Defensa central,ud-las-palmas,472,2024
495621,Antonio Blanco,España,2000-07-23,Pivote,deportivo-alaves,1108,2024
495629,Hugo Guillamón,España,2000-01-31,Pivote,fc-valencia,1049,2024
500067,Chidera Ejuke,Nigeria,1998-01-02,Extremo izquierdo,fc-sevilla,368,2024
501418,Adrià Pedrosa,España,1998-05-13,Lateral izquierdo,fc-sevilla,368,2024
502676,Giorgi Mamardashvili,Georgia,2000-09-29,Portero,fc-valencia,1049,2024
502722,Luka Sucic,Croacia,2002-09-08,Mediocentro,real-sociedad-san-sebastian,681,2024
505653,Fábio Silva,Portugal,2002-07-19,Delantero centro,ud-las-palmas,472,2024
505673,Víctor Mollejo,España,2001-01-21,Extremo derecho,atletico-madrid,13,2024
505674,Sergio Camello,España,2001-02-10,Delantero centro,rayo-vallecano,367,2024
506248,Edu Expósito,España,1996-08-01,Mediocentro,espanyol-barcelona,714,2024
508639,Naci Ünüvar,Turquía,2003-06-13,Extremo izquierdo,espanyol-barcelona,714,2024
510396,Álex Suárez,España,1993-03-18,Defensa central,ud-las-palmas,472,2024
511021,Manu Fuster,España,1997-10-22,Extremo derecho,ud-las-palmas,472,2024
513031,Antonio Sánchez,España,1997-04-22,Mediocentro,rcd-mallorca,237,2024
517753,Óscar Valentín,España,1994-08-20,Mediocentro,rayo-vallecano,367,2024
517842,Aihen Muñoz,España,1997-08-16,Lateral izquierdo,real-sociedad-san-sebastian,681,2024
520840,José Copete,España,1999-10-10,Defensa central,rcd-mallorca,237,2024
521407,Walid Cheddira,Marruecos,1998-01-22,Delantero centro,espanyol-barcelona,714,2024
523318,Anastasios Douvikas,Grecia,1999-08-02,Delantero centro,celta-vigo,940,2024
524000,Dani Vivian,España,1999-07-05,Defensa central,athletic-bilbao,621,2024
525299,Miguel Gutiérrez,España,2001-07-27,Lateral izquierdo,fc-girona,12321,2024
525438,Horațiu Moldovan,Rumania,1998-01-20,Portero,atletico-madrid,13,2024
525578,Pathé Ciss,Senegal,1994-03-16,Mediocentro,rayo-vallecano,367,2024
527698,Kike Pérez,España,1997-02-14,Mediocentro,real-valladolid,366,2024
527966,Andrei Rațiu,Rumania,1998-06-20,Lateral derecho,rayo-vallecano,367,2024
531062,Fabio González,España,1997-02-12,Mediocentro,ud-las-palmas,472,2024
533354,Facundo Garcés,Malasia,1999-09-05,Defensa central,deportivo-alaves,1108,2024
533568,Nahuel Tenaglia,Argentina,1996-02-21,Lateral derecho,deportivo-alaves,1108,2024
534379,Pejiño,España,1996-07-29,Extremo derecho,ud-las-palmas,472,2024
535959,Duk,Cabo Verde,2000-02-16,Extremo izquierdo,cd-leganes,1244,2024
537382,Bryan Gil,España,2001-02-11,Extremo izquierdo,fc-girona,12321,2024
538996,Tanguy Nianzou,Francia,2002-06-07,Defensa central,fc-sevilla,368,2024
540536,Carlos Vicente,España,1999-04-23,Extremo derecho,deportivo-alaves,1108,2024
541555,Enzo Boyomo,Camerún,2001-10-07,Defensa central,ca-osasuna,331,2024
541621,Marc Vidal,España,2000-02-14,Portero,celta-vigo,940,2024
543537,Seydouba Cissé,Guinea,2001-02-10,Mediocentro,cd-leganes,1244,2024
545647,Sergio Carreira,España,2000-10-13,Lateral derecho,celta-vigo,940,2024
547248,Iker Álvarez,Andorra,2001-07-25,Portero,fc-villarreal,1050,2024
548111,Álex Baena,España,2001-07-20,Extremo izquierdo,fc-villarreal,1050,2024
548188,Germán Valera,España,2002-03-16,Extremo izquierdo,atletico-madrid,13,2024
551182,Fran Vieites,España,1999-05-07,Portero,real-betis-sevilla,150,2024
552425,Jon Moncayola,España,1998-05-13,Mediocentro,ca-osasuna,331,2024
555143,Arsen Zakharyan,Rusia,2003-05-26,Mediocentro ofensivo,real-sociedad-san-sebastian,681,2024
555500,Jorge Herrando,España,2001-02-28,Defensa central,ca-osasuna,331,2024
557147,José Gragera,España,2000-05-14,Mediocentro,espanyol-barcelona,714,2024
559979,Abdel Abqar,Marruecos,1999-03-10,Defensa central,deportivo-alaves,1108,2024
560483,Randy Nteka,Angola,1997-12-06,Mediocentro ofensivo,rayo-vallecano,367,2024
561613,Joan García,España,2001-05-04,Portero,espanyol-barcelona,714,2024
562742,Leo Román,España,2000-07-06,Portero,rcd-mallorca,237,2024
563137,Robert Navarro,España,2002-04-12,Extremo derecho,rcd-mallorca,237,2024
566036,Borja Garcés,España,1999-08-06,Delantero centro,atletico-madrid,13,2024
566574,Kirian Rodríguez,España,1996-03-05,Mediocentro ofensivo,ud-las-palmas,472,2024
567504,Guilherme Fernandes,Portugal,2001-03-28,Portero,real-betis-sevilla,150,2024
568157,Yéremy Pino,España,2002-10-20,Extremo derecho,fc-villarreal,1050,2024
568158,Javi López,España,2002-03-25,Lateral izquierdo,real-sociedad-san-sebastian,681,2024
569384,Lucien Agoumé,Francia,2002-02-09,Pivote,fc-sevilla,368,2024
569866,Roberto López,España,2000-04-24,Mediocentro ofensivo,cd-leganes,1244,2024
571020,Oihan Sancet,España,2000-04-25,Mediocentro ofensivo,athletic-bilbao,621,2024
573775,Hugo Duro,España,1999-11-10,Delantero centro,fc-valencia,1049,2024
576024,Julián Alvarez,Argentina,2000-01-31,Delantero centro,atletico-madrid,13,2024
580560,Jon Pacheco,España,2001-01-08,Defensa central,real-sociedad-san-sebastian,681,2024
581640,Coke Carrillo,España,2002-01-07,Portero,celta-vigo,940,2024
581678,Jude Bellingham,Inglaterra,2003-06-29,Mediocentro ofensivo,real-madrid,418,2024
581781,Enzo Loiodice,Francia,2000-11-27,Mediocentro,ud-las-palmas,472,2024
585700,Juan Cruz,España,2000-04-25,Extremo izquierdo,cd-leganes,1244,2024
587520,Stipe Biuk,Croacia,2002-12-26,Extremo izquierdo,real-valladolid,366,2024
591916,Aitor Paredes,España,2000-04-29,Defensa central,athletic-bilbao,621,2024
596122,Pep Chavarría,España,1998-04-10,Lateral izquierdo,rayo-vallecano,367,2024
602105,Antony,Brasil,2000-02-24,Extremo derecho,real-betis-sevilla,150,2024
603940,Marvin Park,España,2000-07-03,Lateral derecho,ud-las-palmas,472,2024
605528,Pol Tristán,España,2002-03-18,Portero,espanyol-barcelona,714,2024
607034,Akor Adams,Nigeria,2000-01-29,Delantero centro,fc-sevilla,368,2024
607780,Miguel Ángel Morro,España,2000-09-11,Portero,rayo-vallecano,367,2024
608382,Adrián Rodríguez,Argentina,2000-12-12,Portero,deportivo-alaves,1108,2024
610238,Pedro Ortiz,España,2000-08-19,Mediocentro,fc-sevilla,368,2024
610335,Iván Jaime,España,2000-09-26,Mediocentro ofensivo,fc-valencia,1049,2024
611075,Iván Gil,España,2000-01-18,Mediocentro ofensivo,ud-las-palmas,472,2024
612496,Marcos Paulo,Portugal,2001-02-01,Extremo izquierdo,atletico-madrid,13,2024
614988,Ilias Kostis,Grecia,2003-02-27,Defensa central,atletico-madrid,13,2024
615350,Cenk Özkacar,Turquía,2000-10-06,Defensa central,fc-valencia,1049,2024
616369,Ander Barrenetxea,España,2001-12-27,Extremo izquierdo,real-sociedad-san-sebastian,681,2024
617060,Mika Mármol,España,2001-07-02,Defensa central,ud-las-palmas,472,2024
617074,Ilaix Moriba,Guinea,2003-01-19,Mediocentro,celta-vigo,940,2024
617081,Diego López,España,2002-05-13,Extremo derecho,fc-valencia,1049,2024
618801,Alejandro Iturbe,España,2003-09-02,Portero,atletico-madrid,13,2024
618805,Iker Bachiller,España,2002-09-14,Lateral izquierdo,cd-leganes,1244,2024
618809,Manu Sánchez,España,2000-08-24,Lateral izquierdo,deportivo-alaves,1108,2024
618813,Carlos Martín,España,2002-04-22,Extremo izquierdo,atletico-madrid,13,2024
622988,Fran Pérez,España,2002-09-09,Extremo derecho,fc-valencia,1049,2024
623024,Jesús Vázquez,España,2003-01-02,Lateral izquierdo,fc-valencia,1049,2024
623521,Juanmi Latasa,España,2001-03-23,Delantero centro,real-valladolid,366,2024
624942,Raúl Moro,España,2002-12-05,Extremo izquierdo,real-valladolid,366,2024
625014,Julen Agirrezabala,España,2000-12-26,Portero,athletic-bilbao,621,2024
625047,Beñat Prados,España,2001-02-08,Mediocentro,athletic-bilbao,621,2024
625651,Urko González de Zárate,España,2001-03-20,Pivote,real-sociedad-san-sebastian,681,2024
625655,Jon Magunazelaia,España,2001-07-13,Mediocentro ofensivo,real-sociedad-san-sebastian,681,2024
625657,Unai Marrero,España,2001-10-09,Portero,real-sociedad-san-sebastian,681,2024
625660,Jon Ander Olasagasti,España,2000-08-16,Mediocentro,real-sociedad-san-sebastian,681,2024
628487,Ángel Fortuño,España,2001-10-05,Portero,espanyol-barcelona,714,2024
628498,Jofre Carreras,España,2001-06-17,Extremo derecho,espanyol-barcelona,714,2024
629511,Pablo Ramón,España,2001-06-30,Defensa central,espanyol-barcelona,714,2024
630995,Rodri Sánchez,España,2000-05-16,Extremo derecho,real-betis-sevilla,150,2024
631002,Raúl García,España,2000-11-03,Delantero centro,ca-osasuna,331,2024
631693,Jesús Owono,Guinea Ecuatorial,2001-03-01,Portero,deportivo-alaves,1108,2024
632741,Iker Losada,España,2001-08-01,Mediapunta,real-betis-sevilla,150,2024
632896,Alejandro Francés,España,2002-08-01,Defensa central,fc-girona,12321,2024
632913,Pere García,España,2002-03-22,Portero,rcd-mallorca,237,2024
633056,Tamás Nikitscher,Hungría,1999-11-03,Pivote,real-valladolid,366,2024
634105,Alberto Marí,España,2001-07-11,Delantero centro,fc-valencia,1049,2024
634117,Pablo Valencia,España,2001-03-16,Portero,ca-osasuna,331,2024
634131,Aimar Oroz,España,2001-11-27,Mediocentro ofensivo,ca-osasuna,331,2024
634431,Beñat Turrientes,España,2002-01-31,Mediocentro,real-sociedad-san-sebastian,681,2024
636093,Carlos Domínguez,España,2001-02-11,Defensa central,celta-vigo,940,2024
636686,Arnau Rafús,España,2003-04-27,Portero,real-valladolid,366,2024
636688,Alejandro Balde,España,2003-10-18,Lateral izquierdo,fc-barcelona,131,2024
636695,Marc Casadó,España,2003-09-14,Pivote,fc-barcelona,131,2024
636697,Arnau Solà,España,2003-04-04,Lateral izquierdo,fc-villarreal,1050,2024
636703,Fermín López,España,2003-05-11,Mediocentro ofensivo,fc-barcelona,131,2024
638793,Tajon Buchanan,Canadá,1999-02-08,Extremo derecho,fc-villarreal,1050,2024
639733,Peque Fernández,España,2002-10-04,Mediapunta,fc-sevilla,368,2024
640428,Eduardo Camavinga,Francia,2002-11-10,Mediocentro,real-madrid,418,2024
646698,Gabriel Misehouy,Países Bajos,2005-07-18,Mediocentro ofensivo,fc-girona,12321,2024
646735,Aitor Gismera,España,2004-02-21,Mediocentro,atletico-madrid,13,2024
646740,Gavi,España,2004-08-05,Mediocentro,fc-barcelona,131,2024
646741,César Fernández,España,2004-01-28,Portero,celta-vigo,940,2024
646750,Cristhian Mosquera,España,2004-06-27,Defensa central,fc-valencia,1049,2024
657430,Samú Costa,Portugal,2000-11-27,Pivote,rcd-mallorca,237,2024
658115,Abel Bretones,España,2000-08-21,Lateral izquierdo,ca-osasuna,331,2024
658269,Víctor Meseguer,España,1999-06-09,Mediocentro,real-valladolid,366,2024
660438,Orri Óskarsson,Islandia,2004-08-29,Delantero centro,real-sociedad-san-sebastian,681,2024
661145,Jon Aramburu,Venezuela,2002-07-23,Lateral derecho,real-sociedad-san-sebastian,681,2024
668177,Javi Serrano,España,2003-01-16,Mediocentro,atletico-madrid,13,2024
668183,Nico Serrano,España,2003-03-05,Extremo izquierdo,athletic-bilbao,621,2024
668210,Ferran Ruiz,España,2003-04-26,Lateral derecho,fc-girona,12321,2024
668212,Rubén Iranzo,España,2003-03-14,Lateral derecho,fc-valencia,1049,2024
668276,Hugo Novoa,España,2003-01-24,Lateral derecho,deportivo-alaves,1108,2024
668313,Aitor Fraga,España,2003-03-09,Portero,real-sociedad-san-sebastian,681,2024
670717,Dário Essugo,Portugal,2005-03-14,Pivote,ud-las-palmas,472,2024
671649,Álvaro Djaló,Guinea-Bissau,1999-08-16,Extremo izquierdo,athletic-bilbao,621,2024
671915,Enzo Barrenechea,Argentina,2001-05-22,Pivote,fc-valencia,1049,2024
672803,Bertuğ Yıldırım,Turquía,2002-07-12,Delantero centro,fc-getafe,3709,2024
676042,Juanlu Sánchez,España,2003-08-15,Lateral derecho,fc-sevilla,368,2024
678406,Sergi Cardona,España,1999-07-08,Lateral izquierdo,fc-villarreal,1050,2024
682588,Mateo Mejía,Colombia,2003-03-31,Delantero centro,fc-sevilla,368,2024
683840,Pedri,España,2002-11-25,Mediocentro,fc-barcelona,131,2024
687609,Isaac Romero,España,2000-05-18,Delantero centro,fc-sevilla,368,2024
689505,Johnny Cardoso,Estados Unidos,2001-09-20,Mediocentro,real-betis-sevilla,150,2024
692208,Pelayo Fernández,España,2003-04-29,Defensa central,rayo-vallecano,367,2024
694509,Moussa Diarra,Malí,2000-11-10,Defensa central,deportivo-alaves,1108,2024
694928,Samuel Lino,Brasil,1999-12-23,Extremo izquierdo,atletico-madrid,13,2024
695454,Chiquinho,Portugal,2000-02-05,Extremo izquierdo,rcd-mallorca,237,2024
699771,Pedro Alemañ,España,2002-03-21,Mediocentro,fc-valencia,1049,2024
702662,Adrián Verde,España,2002-08-03,Mediocentro,real-valladolid,366,2024
705395,Gerard Martín,España,2002-02-26,Lateral izquierdo,fc-barcelona,131,2024
706138,Javi Llabrés,España,2002-09-11,Extremo izquierdo,rcd-mallorca,237,2024
707274,César Tárrega,España,2002-02-26,Defensa central,fc-valencia,1049,2024
707359,Etienne Eto'o,Camerún,2002-08-18,Delantero centro,rayo-vallecano,367,2024
707572,Pau Víctor,España,2001-11-26,Delantero centro,fc-barcelona,131,2024
708370,Juanpe Gil,España,2001-05-05,Portero,rayo-vallecano,367,2024
708534,Alejandro Jay,España,2002-07-07,Lateral derecho,deportivo-alaves,1108,2024
709187,Nico Williams,España,2002-07-12,Extremo izquierdo,athletic-bilbao,621,2024
709215,Mikel Goti,España,2002-05-23,Mediocentro ofensivo,real-sociedad-san-sebastian,681,2024
709336,Rubén Gómez,España,2002-01-24,Portero,fc-villarreal,1050,2024
709372,Carlos Romero,España,2001-10-29,Lateral izquierdo,espanyol-barcelona,714,2024
709955,Ander Astralaga,España,2004-03-03,Portero,fc-barcelona,131,2024
709957,Álex Valle,España,2004-04-25,Lateral izquierdo,fc-barcelona,131,2024
709969,Ilias Akhomach,Marruecos,2004-04-16,Extremo derecho,fc-villarreal,1050,2024
709971,Xavi Moreno,España,2004-11-05,Extremo derecho,real-valladolid,366,2024
709997,Lorenzo Aguado,España,2002-09-19,Lateral derecho,real-madrid,418,2024
709998,Lucas Alcázar,España,2002-07-11,Lateral izquierdo,real-betis-sevilla,150,2024
710004,Peter Federico,República Dominicana,2002-07-25,Extremo derecho,fc-getafe,3709,2024
710007,Fer Rodríguez,España,2002-11-06,Mediocentro,cd-leganes,1244,2024
710474,Álvaro Aceves,España,2003-07-26,Portero,real-valladolid,366,2024
710484,Mario Maroto,España,2003-11-28,Mediocentro,real-valladolid,366,2024
710671,Adama Boiro,España,2002-06-22,Lateral izquierdo,athletic-bilbao,621,2024
710677,Iker Muñoz,España,2002-09-05,Pivote,ca-osasuna,331,2024
710679,Iker Benito,España,2002-08-10,Extremo derecho,ca-osasuna,331,2024
711367,Egoitz Arana,España,2002-02-19,Portero,real-sociedad-san-sebastian,681,2024
711380,Jon Balda,España,2002-04-20,Lateral izquierdo,real-sociedad-san-sebastian,681,2024
711394,Javi Martón,España,1999-05-06,Delantero centro,athletic-bilbao,621,2024
711625,José Ángel Carmona,España,2002-01-29,Lateral derecho,fc-sevilla,368,2024
711626,Darío Benavides,España,2003-01-12,Lateral derecho,fc-sevilla,368,2024
712107,Luiz Júnior,Brasil,2001-01-14,Portero,fc-villarreal,1050,2024
713644,Bryan Zaragoza,España,2001-09-09,Extremo izquierdo,ca-osasuna,331,2024
715628,Damián Rodríguez,España,2003-03-17,Pivote,celta-vigo,940,2024
715679,Lalo Aguilar,España,2002-06-11,Defensa central,cd-leganes,1244,2024
715683,Naim García,España,2002-06-11,Extremo derecho,cd-leganes,1244,2024
718034,Abde Rebbach,Argelia,1998-08-11,Extremo izquierdo,deportivo-alaves,1108,2024
718195,Ismael Sierra,España,2003-03-17,Defensa central,ca-osasuna,331,2024
718581,Lulo Dasilva,España,2002-10-04,Mediocentro,fc-sevilla,368,2024
719720,David Argüelles,España,2002-01-10,Lateral izquierdo,fc-getafe,3709,2024
719999,Andrés Castrín,España,2003-05-26,Defensa central,fc-sevilla,368,2024
720038,Pablo Torre,España,2003-04-03,Mediocentro ofensivo,fc-barcelona,131,2024
720518,Roberto Fernández,España,2002-07-03,Delantero centro,espanyol-barcelona,714,2024
721660,Mikel Rodriguez,España,2002-04-03,Mediocentro,real-sociedad-san-sebastian,681,2024
722351,Sergio Arribas,España,2003-02-10,Defensa central,real-betis-sevilla,150,2024
724520,Abde Ezzalzouli,Marruecos,2001-12-17,Extremo izquierdo,real-betis-sevilla,150,2024
730581,Loïc Badé,Francia,2000-04-11,Defensa central,fc-sevilla,368,2024
733576,Alberto Moleiro,España,2003-09-30,Extremo izquierdo,ud-las-palmas,472,2024
735568,Natan,Brasil,2001-02-06,Defensa central,real-betis-sevilla,150,2024
741251,Vicent Abril,España,2005-02-15,Portero,fc-valencia,1049,2024
741258,Sergi Domínguez,España,2005-04-01,Defensa central,fc-barcelona,131,2024
741289,Youssef Enríquez,Marruecos,2005-10-07,Lateral izquierdo,real-madrid,418,2024
741293,Pol Fortuny,España,2005-03-11,Mediocentro ofensivo,real-madrid,418,2024
742201,Giuliano Simeone,Argentina,2002-12-18,Extremo derecho,atletico-madrid,13,2024
742521,Jhon Solís,Colombia,2004-10-03,Mediocentro,fc-girona,12321,2024
743387,Stanis Idumbo,Bélgica,2005-06-29,Mediocentro ofensivo,fc-sevilla,368,2024
764859,Williot Swedberg,Suecia,2004-02-01,Extremo izquierdo,celta-vigo,940,2024
766552,Alberto Flores,España,2003-11-10,Portero,fc-sevilla,368,2024
766583,Kike Salas,España,2002-04-23,Defensa central,fc-sevilla,368,2024
766723,Manu Bueno,España,2004-07-27,Mediocentro,fc-sevilla,368,2024
767229,Diego Hormigo,España,2003-04-16,Lateral izquierdo,fc-sevilla,368,2024
767255,Matías Árbol,España,2002-09-12,Portero,fc-sevilla,368,2024
769063,Luka Romero,Argentina,2004-11-18,Extremo derecho,deportivo-alaves,1108,2024
775605,Pablo Barrios,España,2003-06-15,Mediocentro,atletico-madrid,13,2024
780630,Willy Kambwala,Francia,2004-08-25,Defensa central,fc-villarreal,1050,2024
783396,Ramón Terrats,España,2000-10-18,Mediocentro,fc-villarreal,1050,2024
785353,Pablo Ibáñez,España,1998-09-20,Mediocentro,ca-osasuna,331,2024
799682,Warren Madrigal,Costa Rica,2004-07-24,Extremo izquierdo,fc-valencia,1049,2024
822331,Omar El Hilali,Marruecos,2003-09-12,Lateral derecho,espanyol-barcelona,714,2024
826224,Arnau Martínez,España,2003-04-25,Lateral derecho,fc-girona,12321,2024
833884,Rafa Romero,España,2003-08-07,Portero,fc-sevilla,368,2024
834463,Iker Córdoba,España,2005-11-11,Defensa central,fc-valencia,1049,2024
834470,Dani Rodríguez,España,2005-08-09,Extremo derecho,fc-barcelona,131,2024
834483,Álex Padilla,México,2003-09-01,Portero,athletic-bilbao,621,2024
834485,Unai Egiluz,España,2002-03-19,Defensa central,athletic-bilbao,621,2024
834486,Raúl Chasco,España,2003-09-13,Lateral izquierdo,real-valladolid,366,2024
834488,Aimar Duñabeitia,España,2003-02-26,Defensa central,athletic-bilbao,621,2024
834491,Alejandro Rego,España,2003-06-11,Mediocentro,athletic-bilbao,621,2024
834492,Iker Varela,España,2003-03-01,Extremo izquierdo,athletic-bilbao,621,2024
834744,Antoniu Roca,España,2002-09-05,Extremo derecho,espanyol-barcelona,714,2024
834752,Unai Gómez,España,2003-05-25,Mediocentro ofensivo,athletic-bilbao,621,2024
834756,Julen Lartitegi,España,2003-09-29,Extremo derecho,deportivo-alaves,1108,2024
834764,Javi Guerra,España,2003-05-13,Mediocentro,fc-valencia,1049,2024
841121,John Patrick,Irlanda,2003-09-24,Mediocentro,fc-getafe,3709,2024
849410,Valentín Barco,Argentina,2004-07-23,Mediocentro,fc-sevilla,368,2024
852727,Diego García,España,2000-04-18,Delantero centro,cd-leganes,1244,2024
856136,Carlos Giménez,España,2003-02-18,Lateral derecho,atletico-madrid,13,2024
857818,Yáser Asprilla,Colombia,2003-11-19,Extremo derecho,fc-girona,12321,2024
857830,Daniel Luna,Colombia,2003-05-07,Mediocentro ofensivo,rcd-mallorca,237,2024
857832,David Torres,España,2003-03-05,Defensa central,real-valladolid,366,2024
861410,Arda Güler,Turquía,2005-02-25,Mediocentro ofensivo,real-madrid,418,2024
864799,Stefan Bajcetic,España,2004-10-22,Pivote,ud-las-palmas,472,2024
866541,Joao Urbáez,República Dominicana,2002-07-24,Lateral derecho,cd-leganes,1244,2024
869458,Omar Sadik,Marruecos,2004-03-22,Delantero centro,espanyol-barcelona,714,2024
872184,Tadeo Allende,Argentina,1999-02-20,Extremo derecho,celta-vigo,940,2024
882710,Ramón Martínez,España,2002-10-22,Defensa central,fc-sevilla,368,2024
886047,Antonio Espigares,España,2004-09-05,Defensa central,fc-villarreal,1050,2024
888493,Alejo Veliz,Argentina,2003-09-19,Delantero centro,espanyol-barcelona,714,2024
890290,Dean Huijsen,España,2005-04-14,Defensa central,real-madrid,418,2024
890817,Dimitrios Stamatakis,Grecia,2003-04-23,Portero,ca-osasuna,331,2024
891923,Dawda Camara,Mauritania,2002-11-04,Delantero centro,fc-girona,12321,2024
892217,Eneko Ortiz,España,2003-05-26,Lateral izquierdo,deportivo-alaves,1108,2024
892221,Hugo Sotelo,España,2003-12-19,Mediocentro,celta-vigo,940,2024
892926,Leandro Antonetti,Puerto Rico,2003-01-13,Delantero centro,fc-sevilla,368,2024
892929,Hugo Álvarez,España,2003-07-02,Extremo izquierdo,celta-vigo,940,2024
892932,Miguel Román,España,2002-12-26,Mediocentro,celta-vigo,940,2024
895326,Joel Roca,España,2005-06-07,Extremo izquierdo,fc-girona,12321,2024
895331,Dani Pérez,España,2005-07-26,Mediocentro ofensivo,real-betis-sevilla,150,2024
895333,Koke Iglesias,España,2005-03-16,Lateral derecho,real-valladolid,366,2024
895334,Yarek Gasiorowski,España,2005-01-12,Defensa central,fc-valencia,1049,2024
895458,Adrián Pica,España,2002-04-25,Defensa central,deportivo-alaves,1108,2024
895480,Adu Ares,España,2001-10-12,Extremo derecho,athletic-bilbao,621,2024
895591,Lander Pinillos,España,2003-10-06,Mediocentro ofensivo,deportivo-alaves,1108,2024
897480,Noah Darvich,Alemania,2006-09-25,Extremo derecho,fc-barcelona,131,2024
904712,Justin Smith,Canadá,2003-02-04,Mediocentro,espanyol-barcelona,714,2024
905997,Pablo Durán,España,2001-05-25,Delantero centro,celta-vigo,940,2024
906025,Ricard Artero,España,2003-02-05,Mediocentro ofensivo,fc-girona,12321,2024
907813,Pablo Marín,España,2003-07-03,Mediocentro ofensivo,real-sociedad-san-sebastian,681,2024
908234,Oriol Comas,España,2003-08-26,Defensa central,fc-girona,12321,2024
908621,Nabil Aberdin,Marruecos,2002-08-23,Defensa central,fc-getafe,3709,2024
916014,Isra Domínguez,España,2003-05-07,Extremo izquierdo,fc-sevilla,368,2024
917101,Rudy Kohon,Francia,2004-05-23,Defensa central,real-betis-sevilla,150,2024
923915,Antal Yaakobishvili,Hungría,2004-07-12,Defensa central,fc-girona,12321,2024
924610,Álvaro Cortés,España,2005-03-17,Defensa central,fc-barcelona,131,2024
926694,Arthur Vermeeren,Bélgica,2005-02-07,Pivote,atletico-madrid,13,2024
926763,Chuki,España,2004-04-29,Mediocentro ofensivo,real-valladolid,366,2024
926849,Adrián Niño,España,2004-06-19,Delantero centro,atletico-madrid,13,2024
929864,Rafa Fernández,España,2004-05-02,Portero,ca-osasuna,331,2024
930415,Antonio Gomis,España,2003-05-20,Portero,atletico-madrid,13,2024
932349,Diego Méndez,España,2003-08-29,Mediocentro,rayo-vallecano,367,2024
932350,Álex Gil,España,2003-02-05,Mediocentro,cd-leganes,1244,2024
933350,Tincho Conde,España,2003-03-25,Lateral izquierdo,celta-vigo,940,2024
933908,Ángel Ortiz,España,2004-07-25,Lateral derecho,real-betis-sevilla,150,2024
934169,Pablo Rivera,España,2004-01-11,Mediocentro,fc-sevilla,368,2024
935230,Gonzalo García,España,2004-03-24,Delantero centro,real-madrid,418,2024
935231,Víctor Muñoz,España,2003-07-13,Extremo izquierdo,real-madrid,418,2024
935245,Raúl Asencio,España,2003-02-13,Defensa central,real-madrid,418,2024
935281,David Jiménez,España,2004-03-14,Lateral derecho,real-madrid,418,2024
935300,Piri,España,2003-07-10,Extremo derecho,cd-leganes,1244,2024
935342,Alberto Collado,España,2005-04-16,Mediocentro,fc-sevilla,368,2024
937941,Thierno Barry,Francia,2002-10-21,Delantero centro,fc-villarreal,1050,2024
937945,Dani Díaz,España,2006-06-22,Extremo derecho,real-sociedad-san-sebastian,681,2024
937950,Jesús Fortea,España,2007-03-26,Lateral derecho,real-madrid,418,2024
937955,Héctor Fort,España,2006-08-02,Lateral derecho,fc-barcelona,131,2024
937958,Lamine Yamal,España,2007-07-13,Extremo derecho,fc-barcelona,131,2024
938144,Diego Kochen,Estados Unidos,2006-03-19,Portero,fc-barcelona,131,2024
938145,Áron Yaakobishvili,Hungría,2006-03-06,Portero,fc-barcelona,131,2024
938146,Adam Aznou,Marruecos,2006-06-02,Lateral izquierdo,real-valladolid,366,2024
938148,Landry Farré,España,2007-01-07,Lateral derecho,fc-barcelona,131,2024
938150,Alexis Olmedo,España,2006-01-02,Defensa central,fc-barcelona,131,2024
938722,Oier Gastesi,España,2003-10-30,Portero,athletic-bilbao,621,2024
938729,Mikel Jauregizar,España,2003-11-13,Mediocentro,athletic-bilbao,621,2024
939374,Yoel Lago,España,2004-03-25,Defensa central,celta-vigo,940,2024
941080,Jon García,España,2003-01-28,Mediocentro,ca-osasuna,331,2024
941869,Yellu Santiago,España,2004-05-25,Mediocentro,fc-getafe,3709,2024
941883,Martín Tejón,España,2004-04-12,Extremo derecho,fc-valencia,1049,2024
943837,Vitor Roque,Brasil,2005-02-28,Delantero centro,real-betis-sevilla,150,2024
945500,Rayane Belaid,España,2005-02-11,Mediocentro ofensivo,atletico-madrid,13,2024
945702,Sebas Wade,Inglaterra,2003-04-09,Defensa central,rcd-mallorca,237,2024
945709,Dani Requena,España,2004-02-12,Mediocentro,fc-villarreal,1050,2024
945767,Hugo Solozábal,España,2003-02-07,Mediocentro,cd-leganes,1244,2024
946269,Alex Almansa,España,2003-11-08,Extremo izquierdo,espanyol-barcelona,714,2024
947431,David López,España,2003-02-03,Defensa central,rcd-mallorca,237,2024
948254,Marco de las Sías,España,2005-12-29,Lateral derecho,rayo-vallecano,367,2024
948260,Hugo de Llanos,España,2005-03-18,Extremo izquierdo,real-madrid,418,2024
948273,Mario Martín,España,2004-03-05,Pivote,real-madrid,418,2024
948275,Álvaro Rodríguez,Uruguay,2004-07-14,Delantero centro,fc-getafe,3709,2024
948278,Jacobo Ramón,España,2005-01-06,Defensa central,real-madrid,418,2024
948279,Chema Andrés,España,2005-04-25,Pivote,real-madrid,418,2024
949116,Ro Abajas,España,2003-05-12,Lateral izquierdo,fc-valencia,1049,2024
949489,Abdoulaye Keita,España,2002-09-01,Extremo izquierdo,fc-getafe,3709,2024
953901,Santiago Mouriño,Uruguay,2002-02-13,Lateral derecho,atletico-madrid,13,2024
960571,Jones El-Abdellaoui,Marruecos,2006-01-12,Extremo derecho,celta-vigo,940,2024
961087,Pablo García,España,2006-06-13,Extremo derecho,real-betis-sevilla,150,2024
961948,Marcos Fernández,España,2003-05-17,Delantero centro,real-betis-sevilla,150,2024
962110,Pau Cubarsí,España,2007-01-22,Defensa central,fc-barcelona,131,2024
962111,Andrés Cuenca,España,2007-06-11,Defensa central,fc-barcelona,131,2024
962124,Daniel Yáñez,España,2007-03-28,Extremo derecho,real-madrid,418,2024
962145,Arkaitz Mariezkurrena,España,2005-04-05,Extremo izquierdo,real-sociedad-san-sebastian,681,2024
964190,Luken Beitia,España,2004-06-30,Defensa central,real-sociedad-san-sebastian,681,2024
971570,Endrick,Brasil,2006-07-21,Delantero centro,real-madrid,418,2024
971774,Xavi Pleguezuelo,España,2003-01-14,Lateral izquierdo,real-betis-sevilla,150,2024
973314,Sergio Mestre,España,2005-02-13,Portero,real-madrid,418,2024
973690,Luca Lohr,España,2002-08-19,Defensa central,fc-getafe,3709,2024
982007,Ekain Orobengoa,España,2004-06-17,Delantero centro,real-sociedad-san-sebastian,681,2024
982848,Raúl Jiménez,España,2006-02-16,Portero,fc-valencia,1049,2024
991158,Guillermo Ruiz,España,2003-12-09,Portero,cd-leganes,1244,2024
1000136,Gorka Rivera,España,2004-08-01,Lateral izquierdo,fc-getafe,3709,2024
1000626,Enric García,España,2006-12-28,Mediocentro,fc-girona,12321,2024
1000630,Pablo López,España,2006-03-27,Extremo izquierdo,fc-valencia,1049,2024
1009766,David Otorbi,España,2007-10-16,Extremo derecho,fc-valencia,1049,2024
1018563,Marc Aznar,España,2006-01-10,Defensa central,fc-girona,12321,2024
1018920,Marc Bernal,España,2007-05-26,Pivote,fc-barcelona,131,2024
1018938,Jon Martín,España,2006-04-23,Defensa central,real-sociedad-san-sebastian,681,2024
1025582,Juan Arango,Venezuela,2006-06-27,Extremo izquierdo,fc-girona,12321,2024
1030425,Thiago Ojeda,Argentina,2003-01-12,Mediocentro,fc-villarreal,1050,2024
1032280,Oso,España,2003-07-09,Lateral izquierdo,fc-sevilla,368,2024
1033005,Coba da Costa,Guinea-Bissau,2002-07-26,Extremo izquierdo,fc-getafe,3709,2024
1034853,Nobel Mendy,Senegal,2004-09-03,Defensa central,real-betis-sevilla,150,2024
1036451,Álvaro Killane,Argentina,2004-12-14,Portero,ud-las-palmas,472,2024
1038512,Asier Osambela,España,2004-10-30,Mediocentro,ca-osasuna,331,2024
1038950,Karl Etta Eyong,Camerún,2003-10-14,Delantero centro,fc-villarreal,1050,2024
1050120,Guille Fernández,España,2008-06-18,Mediocentro,fc-barcelona,131,2024
1054429,Carlos Guirao,España,2003-04-27,Pivote,real-betis-sevilla,150,2024
1054909,Pablo Busto,España,2005-09-25,Lateral derecho,real-betis-sevilla,150,2024
1054933,Daouda Doumbia,Malí,2002-01-01,Pivote,deportivo-alaves,1108,2024
1054934,Maroan Sannadi,Marruecos,2001-02-01,Delantero centro,athletic-bilbao,621,2024
1055220,Fran González,España,2005-06-24,Portero,real-madrid,418,2024
1055833,Alvin Abajas,España,2003-05-12,Portero,cd-leganes,1244,2024
1055860,Iñaki Rupérez,España,2003-01-07,Lateral derecho,real-sociedad-san-sebastian,681,2024
1056966,Peio Canales,España,2005-01-17,Mediocentro ofensivo,athletic-bilbao,621,2024
1056971,Aingeru Olabarrieta,España,2005-11-14,Extremo derecho,athletic-bilbao,621,2024
1060454,Omar Janneh,España,2006-08-23,Delantero centro,atletico-madrid,13,2024
1060821,José Luis Català,España,2004-08-16,Defensa central,espanyol-barcelona,714,2024
1060845,Ismael Santana,España,2004-01-18,Extremo derecho,fc-valencia,1049,2024
1061260,Iago Parente,España,2006-02-25,Defensa central,real-valladolid,366,2024
1061277,Germán García,España,2004-02-01,Portero,real-betis-sevilla,150,2024
1061281,Carlos Reina,España,2004-08-10,Mediocentro ofensivo,real-betis-sevilla,150,2024
1061282,Assane Diao,Senegal,2005-09-07,Extremo izquierdo,real-betis-sevilla,150,2024
1061283,Mateo Flores,España,2004-04-07,Mediocentro,real-betis-sevilla,150,2024
1061336,Pau Navarro,España,2005-04-25,Lateral derecho,fc-villarreal,1050,2024
1061650,Lucas García,España,2004-06-18,Portero,fc-girona,12321,2024
1061656,Iker Almena,España,2004-05-04,Extremo derecho,fc-girona,12321,2024
1061660,Selvi Clua,España,2005-01-29,Pivote,fc-girona,12321,2024
1061665,Jastin Garcia,Portugal,2004-01-15,Extremo izquierdo,fc-girona,12321,2024
1062525,Álex Serradell,España,2002-08-14,Defensa central,fc-valencia,1049,2024
1063553,Pau Cabanes,España,2005-02-17,Delantero centro,fc-villarreal,1050,2024
1063574,Jan Salas,España,2005-08-10,Mediocentro,rcd-mallorca,237,2024
1063990,Grégoire Swiderski,Canadá,2005-10-05,Portero,deportivo-alaves,1108,2024
1064391,Egoitz Muñoz,España,2004-04-14,Lateral derecho,deportivo-alaves,1108,2024
1064395,Valentino Raca,España,2005-01-05,Defensa central,ud-las-palmas,472,2024
1064471,Fer López,España,2004-05-24,Mediocentro ofensivo,celta-vigo,940,2024
1064644,Miguel Benedi,España,2003-05-13,Portero,rayo-vallecano,367,2024
1064871,Joaquín Panichelli,Argentina,2002-10-07,Delantero centro,deportivo-alaves,1108,2024
1065256,Adrián Rosell,España,2004-11-14,Extremo derecho,cd-leganes,1244,2024
1065441,Carlos Lumbreras,España,2005-02-20,Delantero centro,ca-osasuna,331,2024
1065442,Iñigo Arguibide,España,2005-04-19,Lateral derecho,ca-osasuna,331,2024
1066206,Toni Fernández,España,2008-07-15,Mediocentro ofensivo,fc-barcelona,131,2024
1076815,Javi Rodríguez,España,2003-06-27,Defensa central,celta-vigo,940,2024
1079049,Saliou Mandiang,Senegal,2003-04-13,Extremo derecho,ud-las-palmas,472,2024
1108203,Min-su Kim,Corea del Sur,2006-01-19,Extremo izquierdo,fc-girona,12321,2024
1120228,Endika Buján,España,2003-01-16,Extremo derecho,athletic-bilbao,621,2024
1121298,Juma Bah,Sierra Leona,2006-04-11,Defensa central,real-valladolid,366,2024
1123335,Hamza Bellari,Marruecos,2003-03-11,Extremo derecho,fc-valencia,1049,2024
1124005,Christantus Uche,Nigeria,2003-05-19,Delantero centro,fc-getafe,3709,2024
1129175,Raúl Martínez,España,2002-02-23,Mediocentro,fc-girona,12321,2024
1130318,Djordjije Medenica,República Checa,2006-11-17,Portero,fc-getafe,3709,2024
1134878,Diego Martín,España,2003-08-13,Lateral izquierdo,ud-las-palmas,472,2024
1135452,Jorge Benito,España,2006-06-06,Portero,fc-getafe,3709,2024
1135665,Aleksandar Andreev,Bulgaria,2006-03-25,Portero,fc-girona,12321,2024
1141128,Llorenç Serred,España,2005-09-04,Portero,espanyol-barcelona,714,2024
1146029,Juanma Herzog,España,2004-05-13,Defensa central,ud-las-palmas,472,2024
1146039,Elías Romero,España,2004-05-11,Delantero centro,ud-las-palmas,472,2024
1158985,Gerónimo Spina,Argentina,2005-02-09,Defensa central,atletico-madrid,13,2024
1164331,Ismael Bekhoucha,Marruecos,2004-11-20,Lateral derecho,fc-getafe,3709,2024
1169436,Vladyslav Krapyvtsov,Ucrania,2005-06-25,Portero,fc-girona,12321,2024
1176519,Adrián Arnu,España,2007-03-04,Delantero centro,real-valladolid,366,2024
1176520,Mario Rivas,España,2007-03-16,Defensa central,real-madrid,418,2024
1178721,Rafel Bauzà,España,2005-01-30,Mediocentro,espanyol-barcelona,714,2024
1179293,Sergio Ruiz,España,2006-04-12,Extremo izquierdo,ud-las-palmas,472,2024
1186245,Víctor Valdepeñas,España,2006-10-20,Defensa central,real-madrid,418,2024
1189292,Ander Izagirre,España,2003-06-28,Defensa central,athletic-bilbao,621,2024
1190411,Jesús Rodríguez,España,2005-11-21,Extremo izquierdo,real-betis-sevilla,150,2024
1200328,Lucas Núñez,España,2006-03-18,Mediocentro,fc-valencia,1049,2024
1201530,Alex Marchal,España,2007-09-17,Extremo izquierdo,real-sociedad-san-sebastian,681,2024
1204959,Roger Hinojo,España,2005-02-21,Lateral izquierdo,espanyol-barcelona,714,2024
1208520,Diego Aguado,España,2007-02-07,Defensa central,real-madrid,418,2024
1210422,Aboubacar Bassinga,Costa de Marfil,2005-07-13,Mediocentro,ud-las-palmas,472,2024
1216529,Guillem Trilla,España,2003-02-04,Defensa central,fc-getafe,3709,2024
1225038,Manu González,España,2007-04-18,Portero,real-betis-sevilla,150,2024
1230201,Sixtus Ogbuehi,Nigeria,2003-03-15,Delantero centro,ca-osasuna,331,2024
1249340,Alassane Diatta,Senegal,2005-05-14,Mediocentro,fc-villarreal,1050,2024
1255616,Alberto Risco,España,2005-08-30,Mediocentro ofensivo,fc-getafe,3709,2024
1258838,José Ángel López,España,2006-03-24,Lateral derecho,espanyol-barcelona,714,2024
1271065,Valentín Pezzolesi,España,2007-04-16,Lateral derecho,ud-las-palmas,472,2024
1296876,Marc Domènech,España,2006-12-01,Delantero centro,rcd-mallorca,237,2024
1298885,Diego Ferrer,España,2007-04-17,Portero,fc-getafe,3709,2024
1305564,Jean Ives Valou,Costa de Marfil,2005-12-22,Defensa central,fc-villarreal,1050,2024
1305792,Álvaro García Pascual,España,2002-07-21,Delantero centro,fc-sevilla,368,2024
1310075,Victor Puig,España,2005-08-15,Portero,ud-las-palmas,472,2024
1319440,Jordi Danso,Gambia,2007-04-23,Portero,fc-girona,12321,2024
1319442,Pau Funallet,España,2007-06-15,Portero,fc-girona,12321,2024
1322790,Adrián Molina,España,2005-07-22,Portero,rayo-vallecano,367,2024
1337084,Papa Ba,Senegal,2004-04-19,Extremo derecho,fc-girona,12321,2024
1338488,Suleiman El Haddadi,Marruecos,2006-02-13,Delantero centro,cd-leganes,1244,2024
1338984,Sergio Viera,España,2005-05-08,Mediocentro ofensivo,ud-las-palmas,472,2024
1360962,Martín Cuéllar,España,2007-03-26,Delantero centro,fc-getafe,3709,2024
1361456,Israel Mora,España,2005-04-19,Portero,ud-las-palmas,472,2024
1365799,Arturo Rodríguez,España,2006-08-05,Extremo derecho,ud-las-palmas,472,2024
1367276,Ibrahim Alani,Nigeria,2006-07-29,Mediocentro,real-valladolid,366,2024
1384902,Sergio Lozano,España,2006-03-30,Defensa central,rayo-vallecano,367,2024
1390649,Yan Diomande,Costa de Marfil,2006-11-14,Extremo izquierdo,cd-leganes,1244,2024
1411351,Josito González,Venezuela,2006-03-27,Mediocentro ofensivo,ud-las-palmas,472,2024
